{
  "metadata": {
    "1": {
      "totalfiles": 21,
      "totalsize": 387757
    }
  },
  "filedata": {
    "19": {
      "mimetype": "image/png",
      "size": 239,
      "fullpath": "/",
      "filename": "home.png"
    },
    "11": {
      "mimetype": "image/vnd.microsoft.icon",
      "size": 32988,
      "fullpath": "/",
      "filename": "favicon.ico"
    },
    "10": {
      "mimetype": "image/vnd.microsoft.icon",
      "size": 16958,
      "fullpath": "/",
      "filename": "icon_red_64icon.ico"
    },
    "18": {
      "mimetype": "image/png",
      "size": 142353,
      "fullpath": "/",
      "filename": "icon-red.png"
    },
    "2": {
      "mimetype": "image/png",
      "size": 183,
      "fullpath": "/",
      "filename": "folder.png"
    },
    "1": {
      "mimetype": "image/png",
      "size": 437,
      "fullpath": "/",
      "filename": "redo.png"
    },
    "20": {
      "mimetype": "image/png",
      "size": 208,
      "fullpath": "/",
      "filename": "browse.png"
    },
    "12": {
      "mimetype": "image/png",
      "size": 464,
      "fullpath": "/",
      "filename": "search.png"
    },
    "14": {
      "mimetype": "image/png",
      "size": 150,
      "fullpath": "/",
      "filename": "go.png"
    },
    "8": {
      "mimetype": "image/png",
      "size": 557,
      "fullpath": "/",
      "filename": "ic_settings_black_48dp_1x.png"
    },
    "16": {
      "mimetype": "image/svg+xml",
      "size": 346,
      "fullpath": "/",
      "filename": "complete.svg"
    },
    "4": {
      "mimetype": "image/svg+xml",
      "size": 346,
      "fullpath": "/",
      "filename": "running.svg"
    },
    "3": {
      "mimetype": "image/png",
      "size": 235,
      "fullpath": "/",
      "filename": "cancel.png"
    },
    "17": {
      "mimetype": "image/png",
      "size": 144,
      "fullpath": "/",
      "filename": "download.png"
    },
    "13": {
      "mimetype": "image/vnd.microsoft.icon",
      "size": 16958,
      "fullpath": "/",
      "filename": "icon164.ico"
    },
    "21": {
      "mimetype": "image/png",
      "size": 146,
      "fullpath": "/",
      "filename": "back.png"
    },
    "6": {
      "mimetype": "image/png",
      "size": 157050,
      "fullpath": "/",
      "filename": "icon1.png"
    },
    "7": {
      "mimetype": "image/vnd.microsoft.icon",
      "size": 16958,
      "fullpath": "/",
      "filename": "icon64.ico"
    },
    "5": {
      "mimetype": "image/svg+xml",
      "size": 346,
      "fullpath": "/",
      "filename": "wait.svg"
    },
    "9": {
      "mimetype": "image/svg+xml",
      "size": 346,
      "fullpath": "/",
      "filename": "failed.svg"
    },
    "15": {
      "mimetype": "image/svg+xml",
      "size": 345,
      "fullpath": "/",
      "filename": "radio.svg"
    }
  }
}